[{"page":"Home","open":true,"users":[]},{"page":"FLC Hub","open":true,"users":[]},{"page":"about","open":true,"users":[]},{"page":"EDGAR9000","open":false,"users":["Jacob Solomon","Ethan Starling","Atticus Felling"]},{"page":"Brand Insertion","open":false,"users":["Jacob Solomon","Ethan Starling","Atticus Felling"]},{"page":"Email Extractor","open":false,"users":["Jacob Solomon","Ethan Starling","Atticus Felling"]},{"page":"Scrubber","open":false,"users":["Ethan Starling","Jacob Solomon","Atticus Felling"]},{"page":"ICOE","open":false,"users":["Ethan Starling","Jacob Solomon","Atticus Felling"]},{"page":"Image Dashboard","open":false,"users":["Ethan Starling","Jacob Solomon","Atticus Felling"]},{"page":"D365","open":true,"users":[]},{"page":"DevOps","open":true,"users":[]},{"page":"Permission Manager","open":false,"users":["Ethan Starling","Atticus Felling","Jacob Solomon"]},{"page":"BWS Download","open":true,"users":["Ethan Starling","Atticus Felling","Jacob Solomon"]},{"page":"Employee Store","open":true,"users":[]}]